DateTime,Temp
5/31/22 13:00,25.61
5/31/22 14:00,40.53
5/31/22 15:00,42.878
5/31/22 16:00,43.601
5/31/22 17:00,44.211
5/31/22 18:00,44.58
5/31/22 19:00,44.457
5/31/22 20:00,39.389
5/31/22 21:00,37.824
5/31/22 22:00,30.255
5/31/22 23:00,24.158
6/1/22 0:00,23.004
6/1/22 1:00,21.569
6/1/22 2:00,21.473
6/1/22 3:00,20.615
6/1/22 4:00,20.138
6/1/22 5:00,19.758
6/1/22 6:00,19.282
6/1/22 7:00,22.812
6/1/22 8:00,27.468
6/1/22 9:00,28.754
6/1/22 10:00,35.649
6/1/22 11:00,37.935
6/1/22 12:00,39.276
6/1/22 13:00,40.185
6/1/22 14:00,41.225
6/1/22 15:00,42.401
6/1/22 16:00,43.359
6/1/22 17:00,43.966
6/1/22 18:00,44.211
6/1/22 19:00,43.966
6/1/22 20:00,38.826
6/1/22 21:00,37.384
6/1/22 22:00,29.953
6/1/22 23:00,24.062
6/2/22 0:00,23.004
6/2/22 1:00,21.569
6/2/22 2:00,21.473
6/2/22 3:00,20.615
6/2/22 4:00,20.138
6/2/22 5:00,19.662
6/2/22 6:00,19.282
6/2/22 7:00,22.525
6/2/22 8:00,27.37
6/2/22 9:00,28.655
6/2/22 10:00,35.542
6/2/22 11:00,37.714
6/2/22 12:00,39.276
6/2/22 13:00,40.3
6/2/22 14:00,41.692
6/2/22 15:00,41.575
6/2/22 16:00,42.639
6/2/22 17:00,43.723
6/2/22 18:00,43.966
6/2/22 19:00,43.601
6/2/22 20:00,38.602
6/2/22 21:00,37.165
6/2/22 22:00,29.853
6/2/22 23:00,24.062
6/3/22 0:00,23.004
6/3/22 1:00,21.569
6/3/22 2:00,21.473
6/3/22 3:00,20.615
6/3/22 4:00,20.138
6/3/22 5:00,19.758
6/3/22 6:00,19.282
6/3/22 7:00,22.621
6/3/22 8:00,26.292
6/3/22 9:00,27.665
6/3/22 10:00,34.585
6/3/22 11:00,36.837
6/3/22 12:00,38.268
6/3/22 13:00,39.615
6/3/22 14:00,39.729
6/3/22 15:00,42.639
6/3/22 16:00,43.359
6/3/22 17:00,43.723
6/3/22 18:00,43.966
6/3/22 19:00,43.723
6/3/22 20:00,38.714
6/3/22 21:00,37.165
6/3/22 22:00,29.752
6/3/22 23:00,24.158
6/4/22 0:00,23.004
6/4/22 1:00,21.569
6/4/22 2:00,21.473
6/4/22 3:00,20.615
6/4/22 4:00,20.138
6/4/22 5:00,19.758
6/4/22 6:00,19.282
6/4/22 7:00,22.333
6/4/22 8:00,27.075
6/4/22 9:00,28.357
6/4/22 10:00,35.756
6/4/22 11:00,37.824
6/4/22 12:00,39.615
6/4/22 13:00,40.53
6/4/22 14:00,41.458
6/4/22 15:00,42.639
6/4/22 16:00,43.118
6/4/22 17:00,43.844
6/4/22 18:00,43.966
6/4/22 19:00,43.844
6/4/22 20:00,38.268
6/4/22 21:00,36.837
6/4/22 22:00,29.552
6/4/22 23:00,24.158
6/5/22 0:00,23.004
6/5/22 1:00,21.569
6/5/22 2:00,21.473
6/5/22 3:00,20.615
6/5/22 4:00,20.138
6/5/22 5:00,19.662
6/5/22 6:00,19.282
6/5/22 7:00,22.142
6/5/22 8:00,25.805
6/5/22 9:00,27.272
6/5/22 10:00,35.542
6/5/22 11:00,37.824
6/5/22 12:00,39.05
6/5/22 13:00,40.3
6/5/22 14:00,41.928
6/5/22 15:00,42.758
6/5/22 16:00,43.48
6/5/22 17:00,44.089
6/5/22 18:00,44.334
6/5/22 19:00,44.089
6/5/22 20:00,38.826
6/5/22 21:00,37.384
6/5/22 22:00,29.853
6/5/22 23:00,24.158
6/6/22 0:00,23.004
6/6/22 1:00,21.569
6/6/22 2:00,21.473
6/6/22 3:00,20.615
6/6/22 4:00,20.138
6/6/22 5:00,19.758
6/6/22 6:00,19.282
6/6/22 7:00,22.525
6/6/22 8:00,27.665
6/6/22 9:00,28.953
6/6/22 10:00,36.079
6/6/22 11:00,36.62
6/6/22 12:00,39.729
6/6/22 13:00,40.992
6/6/22 14:00,42.046
6/6/22 15:00,42.998
6/6/22 16:00,43.723
6/6/22 17:00,44.334
6/6/22 18:00,44.58
6/6/22 19:00,44.334
6/6/22 20:00,39.163
6/6/22 21:00,37.604
6/6/22 22:00,30.054
6/6/22 23:00,24.158
6/7/22 0:00,23.1
6/7/22 1:00,21.664
6/7/22 2:00,21.473
6/7/22 3:00,20.615
6/7/22 4:00,20.138
6/7/22 5:00,19.758
6/7/22 6:00,19.377
6/7/22 7:00,22.621
6/7/22 8:00,27.665
6/7/22 9:00,29.152
6/7/22 10:00,35.971
6/7/22 11:00,38.268
6/7/22 12:00,40.071
6/7/22 13:00,41.341
6/7/22 14:00,42.52
6/7/22 15:00,43.359
6/7/22 16:00,43.966
6/7/22 17:00,44.704
6/7/22 18:00,44.952
6/7/22 19:00,44.704
6/7/22 20:00,39.502
6/7/22 21:00,38.046
6/7/22 22:00,30.255
6/7/22 23:00,24.158
6/8/22 0:00,23.1
6/8/22 1:00,21.664
6/8/22 2:00,21.473
6/8/22 3:00,20.615
6/8/22 4:00,20.138
6/8/22 5:00,19.758
6/8/22 6:00,19.377
6/8/22 7:00,22.812
6/8/22 8:00,27.862
6/8/22 9:00,29.352
6/8/22 10:00,36.295
6/8/22 11:00,38.49
6/8/22 12:00,39.957
6/8/22 13:00,41.341
6/8/22 14:00,42.401
6/8/22 15:00,43.359
6/8/22 16:00,44.089
6/8/22 17:00,44.704
6/8/22 18:00,44.952
6/8/22 19:00,44.704
6/8/22 20:00,39.502
6/8/22 21:00,37.935
6/8/22 22:00,30.255
6/8/22 23:00,24.158
6/9/22 0:00,23.1
6/9/22 1:00,21.664
6/9/22 2:00,21.569
6/9/22 3:00,20.615
6/9/22 4:00,20.138
6/9/22 5:00,19.758
6/9/22 6:00,19.377
6/9/22 7:00,22.812
6/9/22 8:00,27.862
6/9/22 9:00,29.352
6/9/22 10:00,36.295
6/9/22 11:00,38.49
6/9/22 12:00,40.071
6/9/22 13:00,39.389
6/9/22 14:00,42.282
6/9/22 15:00,43.118
6/9/22 16:00,43.844
6/9/22 17:00,44.58
6/9/22 18:00,44.828
6/9/22 19:00,44.457
6/9/22 20:00,39.389
6/9/22 21:00,37.824
6/9/22 22:00,30.154
6/9/22 23:00,24.158
6/10/22 0:00,23.1
6/10/22 1:00,21.664
6/10/22 2:00,21.473
6/10/22 3:00,20.615
6/10/22 4:00,20.138
6/10/22 5:00,19.758
6/10/22 6:00,19.377
6/10/22 7:00,22.717
6/10/22 8:00,27.764
6/10/22 9:00,29.252
6/10/22 10:00,35.971
6/10/22 11:00,38.157
6/10/22 12:00,39.843
6/10/22 13:00,41.108
6/10/22 14:00,42.282
6/10/22 15:00,43.238
6/10/22 16:00,43.966
6/10/22 17:00,44.704
6/10/22 18:00,44.952
6/10/22 19:00,44.704
6/10/22 20:00,39.276
6/10/22 21:00,37.824
6/10/22 22:00,30.054
6/10/22 23:00,24.158
6/11/22 0:00,23.004
6/11/22 1:00,21.569
6/11/22 2:00,21.473
6/11/22 3:00,20.615
6/11/22 4:00,20.138
6/11/22 5:00,19.758
6/11/22 6:00,19.377
6/11/22 7:00,22.717
6/11/22 8:00,27.862
6/11/22 9:00,29.252
6/11/22 10:00,35.971
6/11/22 11:00,38.379
6/11/22 12:00,39.729
6/11/22 13:00,41.341
6/11/22 14:00,42.52
6/11/22 15:00,43.48
6/11/22 16:00,44.089
6/11/22 17:00,44.828
6/11/22 18:00,45.076
6/11/22 19:00,44.828
6/11/22 20:00,39.729
6/11/22 21:00,37.935
6/11/22 22:00,30.255
6/11/22 23:00,24.158
6/12/22 0:00,23.004
6/12/22 1:00,21.664
6/12/22 2:00,21.473
6/12/22 3:00,20.615
6/12/22 4:00,20.138
6/12/22 5:00,19.758
6/12/22 6:00,19.377
6/12/22 7:00,22.717
6/12/22 8:00,27.862
6/12/22 9:00,29.252
6/12/22 10:00,36.079
6/12/22 11:00,38.268
6/12/22 12:00,39.843
6/12/22 13:00,41.108
6/12/22 14:00,42.52
6/12/22 15:00,43.48
6/12/22 16:00,44.211
6/12/22 17:00,44.704
6/12/22 18:00,45.201
6/12/22 19:00,44.952
6/12/22 20:00,39.615
6/12/22 21:00,37.935
6/12/22 22:00,30.255
6/12/22 23:00,24.158
6/13/22 0:00,23.1
6/13/22 1:00,21.569
6/13/22 2:00,21.473
6/13/22 3:00,20.615
6/13/22 4:00,20.138
6/13/22 5:00,19.758
6/13/22 6:00,19.377
6/13/22 7:00,22.717
6/13/22 8:00,27.862
6/13/22 9:00,29.352
6/13/22 10:00,35.328
6/13/22 11:00,38.602
6/13/22 12:00,40.071
6/13/22 13:00,41.458
6/13/22 14:00,42.52
6/13/22 15:00,43.601
6/13/22 16:00,44.211
6/13/22 17:00,44.952
6/13/22 18:00,45.201
6/13/22 19:00,44.828
6/13/22 20:00,39.615
6/13/22 21:00,38.157
6/13/22 22:00,30.255
6/13/22 23:00,24.158
6/14/22 0:00,23.004
6/14/22 1:00,21.569
6/14/22 2:00,21.473
6/14/22 3:00,20.615
6/14/22 4:00,20.138
6/14/22 5:00,19.758
6/14/22 6:00,19.472
6/14/22 7:00,22.717
6/14/22 8:00,27.862
6/14/22 9:00,29.252
6/14/22 10:00,36.295
6/14/22 11:00,38.602
6/14/22 12:00,40.185
6/14/22 13:00,41.458
6/14/22 14:00,41.341
6/14/22 15:00,42.878
6/14/22 16:00,44.089
6/14/22 17:00,44.58
6/14/22 18:00,44.828
6/14/22 19:00,44.828
6/14/22 20:00,39.502
6/14/22 21:00,37.604
6/14/22 22:00,30.154
6/14/22 23:00,24.255
6/15/22 0:00,23.1
6/15/22 1:00,21.664
6/15/22 2:00,21.473
6/15/22 3:00,20.71
6/15/22 4:00,20.234
6/15/22 5:00,19.758
6/15/22 6:00,19.377
6/15/22 7:00,22.717
6/15/22 8:00,27.764
6/15/22 9:00,29.252
6/15/22 10:00,36.295
6/15/22 11:00,38.602
6/15/22 12:00,39.502
6/15/22 13:00,40.761
6/15/22 14:00,41.928
6/15/22 15:00,42.878
6/15/22 16:00,43.844
6/15/22 17:00,44.211
6/15/22 18:00,44.704
6/15/22 19:00,44.334
6/15/22 20:00,39.05
6/15/22 21:00,37.384
6/15/22 22:00,29.853
6/15/22 23:00,24.158
6/16/22 0:00,23.004
6/16/22 1:00,21.569
6/16/22 2:00,21.473
6/16/22 3:00,20.615
6/16/22 4:00,20.138
6/16/22 5:00,19.758
6/16/22 6:00,19.377
6/16/22 7:00,22.525
6/16/22 8:00,27.37
6/16/22 9:00,28.853
6/16/22 10:00,34.903
6/16/22 11:00,27.272
6/16/22 12:00,25.61
6/16/22 13:00,37.165
6/16/22 14:00,38.268
6/16/22 15:00,39.389
6/16/22 16:00,40.185
6/16/22 17:00,40.645
6/16/22 18:00,40.876
6/16/22 19:00,40.645
6/16/22 20:00,36.946
6/16/22 21:00,35.222
6/16/22 22:00,28.754
6/16/22 23:00,24.158
6/17/22 0:00,23.004
6/17/22 1:00,21.569
6/17/22 2:00,21.473
6/17/22 3:00,20.615
6/17/22 4:00,20.138
6/17/22 5:00,19.758
6/17/22 6:00,19.282
6/17/22 7:00,21.378
6/17/22 8:00,24.931
6/17/22 9:00,26.39
6/17/22 10:00,31.778
6/17/22 11:00,34.058
6/17/22 12:00,35.756
6/17/22 13:00,37.165
6/17/22 14:00,38.268
6/17/22 15:00,39.163
6/17/22 16:00,40.071
6/17/22 17:00,40.761
6/17/22 18:00,40.992
6/17/22 19:00,40.645
6/17/22 20:00,36.837
6/17/22 21:00,35.222
6/17/22 22:00,28.754
6/17/22 23:00,24.062
6/18/22 0:00,23.004
6/18/22 1:00,21.569
6/18/22 2:00,21.473
6/18/22 3:00,20.615
6/18/22 4:00,20.138
6/18/22 5:00,19.758
6/18/22 6:00,19.377
6/18/22 7:00,21.378
6/18/22 8:00,24.931
6/18/22 9:00,26.488
6/18/22 10:00,31.88
6/18/22 11:00,33.953
6/18/22 12:00,35.756
6/18/22 13:00,37.055
6/18/22 14:00,38.268
6/18/22 15:00,39.163
6/18/22 16:00,40.071
6/18/22 17:00,40.761
6/18/22 18:00,40.992
6/18/22 19:00,40.645
6/18/22 20:00,36.837
6/18/22 21:00,35.115
6/18/22 22:00,28.754
6/18/22 23:00,24.158
6/19/22 0:00,23.004
6/19/22 1:00,21.569
6/19/22 2:00,21.473
6/19/22 3:00,20.615
6/19/22 4:00,20.138
6/19/22 5:00,19.758
6/19/22 6:00,19.282
6/19/22 7:00,21.378
6/19/22 8:00,24.835
6/19/22 9:00,26.292
6/19/22 10:00,31.676
6/19/22 11:00,33.953
6/19/22 12:00,35.649
6/19/22 13:00,37.055
6/19/22 14:00,38.157
6/19/22 15:00,39.163
6/19/22 16:00,40.071
6/19/22 17:00,40.645
6/19/22 18:00,40.876
6/19/22 19:00,40.645
6/19/22 20:00,36.728
6/19/22 21:00,35.115
6/19/22 22:00,28.853
6/19/22 23:00,24.158
6/20/22 0:00,22.908
6/20/22 1:00,21.569
6/20/22 2:00,21.473
6/20/22 3:00,20.615
6/20/22 4:00,20.043
6/20/22 5:00,19.758
6/20/22 6:00,19.282
6/20/22 7:00,21.378
6/20/22 8:00,24.835
6/20/22 9:00,26.292
6/20/22 10:00,31.574
6/20/22 11:00,34.058
6/20/22 12:00,35.649
6/20/22 13:00,37.055
6/20/22 14:00,38.268
6/20/22 15:00,39.276
6/20/22 16:00,40.071
6/20/22 17:00,40.645
6/20/22 18:00,40.992
6/20/22 19:00,40.645
6/20/22 20:00,36.837
6/20/22 21:00,35.115
6/20/22 22:00,28.853
6/20/22 23:00,24.158
6/21/22 0:00,23.004
6/21/22 1:00,21.473
6/21/22 2:00,21.473
6/21/22 3:00,20.615
6/21/22 4:00,20.043
6/21/22 5:00,19.758
6/21/22 6:00,19.377
6/21/22 7:00,21.378
6/21/22 8:00,24.835
6/21/22 9:00,26.39
6/21/22 10:00,31.778
6/21/22 11:00,34.058
6/21/22 12:00,35.756
6/21/22 13:00,37.055
6/21/22 14:00,38.379
6/21/22 15:00,39.389
6/21/22 16:00,40.185
6/21/22 17:00,40.761
6/21/22 18:00,40.992
6/21/22 19:00,40.645
6/21/22 20:00,36.837
6/21/22 21:00,35.222
6/21/22 22:00,28.853
6/21/22 23:00,24.062
6/22/22 0:00,22.908
6/22/22 1:00,21.569
6/22/22 2:00,21.473
6/22/22 3:00,20.615
6/22/22 4:00,20.138
6/22/22 5:00,19.758
6/22/22 6:00,19.282
6/22/22 7:00,21.378
6/22/22 8:00,24.835
6/22/22 9:00,26.292
6/22/22 10:00,31.778
6/22/22 11:00,34.058
6/22/22 12:00,35.864
6/22/22 13:00,37.165
6/22/22 14:00,38.379
6/22/22 15:00,39.276
6/22/22 16:00,39.957
6/22/22 17:00,40.761
6/22/22 18:00,40.992
6/22/22 19:00,40.645
6/22/22 20:00,36.837
6/22/22 21:00,35.115
6/22/22 22:00,28.853
6/22/22 23:00,24.062
6/23/22 0:00,22.908
6/23/22 1:00,21.569
6/23/22 2:00,21.378
6/23/22 3:00,20.615
6/23/22 4:00,20.043
6/23/22 5:00,19.662
6/23/22 6:00,19.282
6/23/22 7:00,21.282
6/23/22 8:00,24.835
6/23/22 9:00,26.39
6/23/22 10:00,31.778
6/23/22 11:00,34.163
6/23/22 12:00,35.756
6/23/22 13:00,37.055
6/23/22 14:00,38.268
6/23/22 15:00,39.163
6/23/22 16:00,39.957
6/23/22 17:00,40.761
6/23/22 18:00,40.992
6/23/22 19:00,40.645
6/23/22 20:00,36.728
6/23/22 21:00,35.115
6/23/22 22:00,28.754
6/23/22 23:00,24.062
6/24/22 0:00,22.908
6/24/22 1:00,21.569
6/24/22 2:00,21.378
6/24/22 3:00,20.615
6/24/22 4:00,20.043
6/24/22 5:00,19.662
6/24/22 6:00,19.282
6/24/22 7:00,21.378
6/24/22 8:00,24.835
6/24/22 9:00,26.39
6/24/22 10:00,31.778
6/24/22 11:00,34.058
6/24/22 12:00,35.435
6/24/22 13:00,37.055
6/24/22 14:00,38.268
6/24/22 15:00,39.276
6/24/22 16:00,40.071
6/24/22 17:00,40.645
6/24/22 18:00,40.992
6/24/22 19:00,40.645
6/24/22 20:00,36.837
6/24/22 21:00,35.115
6/24/22 22:00,28.754
6/24/22 23:00,24.062
6/25/22 0:00,22.908
6/25/22 1:00,21.473
6/25/22 2:00,21.378
6/25/22 3:00,20.519
6/25/22 4:00,20.138
6/25/22 5:00,19.758
6/25/22 6:00,19.282
6/25/22 7:00,21.378
6/25/22 8:00,24.835
6/25/22 9:00,26.39
6/25/22 10:00,31.778
6/25/22 11:00,34.163
6/25/22 12:00,35.756
6/25/22 13:00,37.055
6/25/22 14:00,38.379
6/25/22 15:00,34.058
6/25/22 16:00,34.903
6/25/22 17:00,35.649
6/25/22 18:00,35.756
6/25/22 19:00,35.328
6/25/22 20:00,33.222
6/25/22 21:00,31.676
6/25/22 22:00,27.37
6/25/22 23:00,23.966
6/26/22 0:00,22.908
6/26/22 1:00,21.378
6/26/22 2:00,21.378
6/26/22 3:00,20.519
6/26/22 4:00,20.043
6/26/22 5:00,19.662
6/26/22 6:00,19.187
6/26/22 7:00,19.948
6/26/22 8:00,21.282
6/26/22 9:00,22.525
6/26/22 10:00,26.195
6/26/22 11:00,28.655
6/26/22 12:00,30.356
6/26/22 13:00,31.778
6/26/22 14:00,32.911
6/26/22 15:00,33.953
6/26/22 16:00,34.796
6/26/22 17:00,35.542
6/26/22 18:00,35.649
6/26/22 19:00,35.328
6/26/22 20:00,33.118
6/26/22 21:00,31.574
6/26/22 22:00,27.272
6/26/22 23:00,23.966
6/27/22 0:00,22.908
6/27/22 1:00,21.378
6/27/22 2:00,21.378
6/27/22 3:00,20.519
6/27/22 4:00,20.043
6/27/22 5:00,19.567
6/27/22 6:00,19.187
6/27/22 7:00,19.948
6/27/22 8:00,21.187
6/27/22 9:00,22.429
6/27/22 10:00,26.195
6/27/22 11:00,28.555
6/27/22 12:00,30.255
6/27/22 13:00,31.676
6/27/22 14:00,32.911
6/27/22 15:00,33.953
6/27/22 16:00,34.796
6/27/22 17:00,35.435
6/27/22 18:00,35.649
6/27/22 19:00,35.328
6/27/22 20:00,33.118
6/27/22 21:00,31.574
6/27/22 22:00,27.272
6/27/22 23:00,24.062
6/28/22 0:00,22.812
6/28/22 1:00,21.378
6/28/22 2:00,21.378
6/28/22 3:00,20.519
6/28/22 4:00,19.948
6/28/22 5:00,19.662
6/28/22 6:00,19.187
6/28/22 7:00,19.948
6/28/22 8:00,21.282
6/28/22 9:00,22.525
6/28/22 10:00,26.097
6/28/22 11:00,28.555
6/28/22 12:00,30.356
6/28/22 13:00,31.676
6/28/22 14:00,32.911
6/28/22 15:00,33.953
6/28/22 16:00,34.796
6/28/22 17:00,35.435
6/28/22 18:00,35.649
6/28/22 19:00,35.222
6/28/22 20:00,33.118
6/28/22 21:00,31.676
6/28/22 22:00,27.272
6/28/22 23:00,23.966
6/29/22 0:00,22.908
6/29/22 1:00,21.378
6/29/22 2:00,21.378
6/29/22 3:00,20.519
6/29/22 4:00,19.948
6/29/22 5:00,19.662
6/29/22 6:00,19.282
6/29/22 7:00,19.948
6/29/22 8:00,21.187
6/29/22 9:00,22.429
6/29/22 10:00,26.195
6/29/22 11:00,28.555
6/29/22 12:00,30.255
6/29/22 13:00,31.676
6/29/22 14:00,32.911
6/29/22 15:00,33.953
6/29/22 16:00,34.796
6/29/22 17:00,35.435
6/29/22 18:00,35.649
6/29/22 19:00,35.222
6/29/22 20:00,33.118
6/29/22 21:00,31.574
6/29/22 22:00,27.272
6/29/22 23:00,23.966
6/30/22 0:00,22.812
6/30/22 1:00,21.378
6/30/22 2:00,21.378
6/30/22 3:00,20.519
6/30/22 4:00,20.043
6/30/22 5:00,19.662
6/30/22 6:00,19.282
6/30/22 7:00,19.948
6/30/22 8:00,21.282
6/30/22 9:00,22.429
6/30/22 10:00,26.195
6/30/22 11:00,28.555
6/30/22 12:00,30.356
6/30/22 13:00,31.676
6/30/22 14:00,32.911
6/30/22 15:00,33.953
6/30/22 16:00,34.796
6/30/22 17:00,35.435
6/30/22 18:00,35.649
6/30/22 19:00,35.328
6/30/22 20:00,33.118
6/30/22 21:00,31.676
6/30/22 22:00,27.272
6/30/22 23:00,23.966
7/1/22 0:00,22.812
7/1/22 1:00,21.378
7/1/22 2:00,21.378
7/1/22 3:00,20.519
7/1/22 4:00,20.043
7/1/22 5:00,19.662
7/1/22 6:00,19.187
7/1/22 7:00,19.853
7/1/22 8:00,21.282
7/1/22 9:00,22.525
7/1/22 10:00,26.195
7/1/22 11:00,28.555
7/1/22 12:00,29.352
7/1/22 13:00,29.352
7/1/22 14:00,30.558
7/1/22 15:00,31.574
7/1/22 16:00,32.394
7/1/22 17:00,33.118
7/1/22 18:00,33.222
7/1/22 19:00,32.911
7/1/22 20:00,31.472
7/1/22 21:00,30.054
7/1/22 22:00,26.488
7/1/22 23:00,23.581
7/2/22 0:00,22.621
7/2/22 1:00,21.091
7/2/22 2:00,21.091
7/2/22 3:00,20.234
7/2/22 4:00,19.758
7/2/22 5:00,19.472
7/2/22 6:00,18.996
7/2/22 7:00,19.187
7/2/22 8:00,19.758
7/2/22 9:00,20.996
7/2/22 10:00,23.869
7/2/22 11:00,26.292
7/2/22 12:00,28.06
7/2/22 13:00,29.452
7/2/22 14:00,30.659
7/2/22 15:00,31.778
7/2/22 16:00,32.6
7/2/22 17:00,33.326
7/2/22 18:00,33.743
7/2/22 19:00,33.43
7/2/22 20:00,31.88
7/2/22 21:00,30.457
7/2/22 22:00,26.683
7/2/22 23:00,23.869
7/3/22 0:00,22.812
7/3/22 1:00,21.282
7/3/22 2:00,21.282
7/3/22 3:00,20.424
7/3/22 4:00,19.948
7/3/22 5:00,19.567
7/3/22 6:00,19.187
7/3/22 7:00,19.377
7/3/22 8:00,20.043
7/3/22 9:00,21.282
7/3/22 10:00,24.351
7/3/22 11:00,26.781
7/3/22 12:00,28.555
7/3/22 13:00,29.853
7/3/22 14:00,31.166
7/3/22 15:00,31.574
7/3/22 16:00,32.497
7/3/22 17:00,33.222
7/3/22 18:00,33.326
7/3/22 19:00,32.911
7/3/22 20:00,31.574
7/3/22 21:00,30.054
7/3/22 22:00,26.683
7/3/22 23:00,23.966
7/4/22 0:00,22.812
7/4/22 1:00,21.378
7/4/22 2:00,21.378
7/4/22 3:00,20.424
7/4/22 4:00,19.948
7/4/22 5:00,19.567
7/4/22 6:00,19.187
7/4/22 7:00,19.282
7/4/22 8:00,19.758
7/4/22 9:00,20.901
7/4/22 10:00,23.773
7/4/22 11:00,26.195
7/4/22 12:00,27.961
7/4/22 13:00,29.252
7/4/22 14:00,30.558
7/4/22 15:00,31.676
7/4/22 16:00,32.6
7/4/22 17:00,33.222
7/4/22 18:00,33.326
7/4/22 19:00,32.911
7/4/22 20:00,31.676
7/4/22 21:00,30.154
7/4/22 22:00,26.585
7/4/22 23:00,23.869
7/5/22 0:00,22.812
7/5/22 1:00,21.282
7/5/22 2:00,21.282
7/5/22 3:00,20.424
7/5/22 4:00,19.948
7/5/22 5:00,19.567
7/5/22 6:00,19.187
7/5/22 7:00,19.282
7/5/22 8:00,19.758
7/5/22 9:00,20.901
7/5/22 10:00,23.773
7/5/22 11:00,26.195
7/5/22 12:00,28.357
7/5/22 13:00,33.953
7/5/22 14:00,36.403
7/5/22 15:00,37.384
7/5/22 16:00,38.268
7/5/22 17:00,38.938
7/5/22 18:00,39.276
7/5/22 19:00,39.05
7/5/22 20:00,35.435
7/5/22 21:00,33.953
7/5/22 22:00,28.159
7/5/22 23:00,24.062
7/6/22 0:00,22.908
7/6/22 1:00,21.473
7/6/22 2:00,21.378
7/6/22 3:00,20.519
7/6/22 4:00,20.043
7/6/22 5:00,19.662
7/6/22 6:00,19.282
7/6/22 7:00,20.519
7/6/22 8:00,23.773
7/6/22 9:00,25.028
7/6/22 10:00,29.452
7/6/22 11:00,31.574
7/6/22 12:00,33.222
7/6/22 13:00,34.374
7/6/22 14:00,35.542
7/6/22 15:00,36.511
7/6/22 16:00,37.274
7/6/22 17:00,37.824
7/6/22 18:00,38.157
7/6/22 19:00,37.824
7/6/22 20:00,35.009
7/6/22 21:00,33.43
7/6/22 22:00,27.665
7/6/22 23:00,23.966
7/7/22 0:00,22.908
7/7/22 1:00,21.473
7/7/22 2:00,21.378
7/7/22 3:00,20.519
7/7/22 4:00,20.043
7/7/22 5:00,19.662
7/7/22 6:00,19.282
7/7/22 7:00,20.519
7/7/22 8:00,23.677
7/7/22 9:00,24.931
7/7/22 10:00,29.252
7/7/22 11:00,31.574
7/7/22 12:00,33.014
7/7/22 13:00,34.268
7/7/22 14:00,35.435
7/7/22 15:00,36.403
7/7/22 16:00,37.165
7/7/22 17:00,37.824
7/7/22 18:00,38.046
7/7/22 19:00,37.714
7/7/22 20:00,34.903
7/7/22 21:00,33.326
7/7/22 22:00,27.665
7/7/22 23:00,23.966
7/8/22 0:00,22.908
7/8/22 1:00,21.473
7/8/22 2:00,21.378
7/8/22 3:00,20.519
7/8/22 4:00,20.043
7/8/22 5:00,19.662
7/8/22 6:00,19.282
7/8/22 7:00,20.424
7/8/22 8:00,23.484
7/8/22 9:00,24.835
7/8/22 10:00,29.152
7/8/22 11:00,31.37
7/8/22 12:00,32.911
7/8/22 13:00,34.268
7/8/22 14:00,35.222
7/8/22 15:00,36.295
7/8/22 16:00,37.055
7/8/22 17:00,37.714
7/8/22 18:00,37.935
7/8/22 19:00,37.604
7/8/22 20:00,34.903
7/8/22 21:00,33.326
7/8/22 22:00,27.567
7/8/22 23:00,23.966
7/9/22 0:00,22.908
7/9/22 1:00,21.473
7/9/22 2:00,21.378
7/9/22 3:00,20.519
7/9/22 4:00,20.043
7/9/22 5:00,19.662
7/9/22 6:00,19.282
7/9/22 7:00,20.424
7/9/22 8:00,23.581
7/9/22 9:00,24.835
7/9/22 10:00,29.152
7/9/22 11:00,31.37
7/9/22 12:00,32.911
7/9/22 13:00,34.163
7/9/22 14:00,35.115
7/9/22 15:00,36.295
7/9/22 16:00,37.055
7/9/22 17:00,37.714
7/9/22 18:00,37.824
7/9/22 19:00,37.604
7/9/22 20:00,34.796
7/9/22 21:00,33.222
7/9/22 22:00,27.567
7/9/22 23:00,23.966
7/10/22 0:00,22.908
7/10/22 1:00,21.473
7/10/22 2:00,21.378
7/10/22 3:00,20.519
7/10/22 4:00,20.043
7/10/22 5:00,19.662
7/10/22 6:00,19.187
7/10/22 7:00,20.424
7/10/22 8:00,23.388
7/10/22 9:00,24.738
7/10/22 10:00,29.053
7/10/22 11:00,31.268
7/10/22 12:00,32.807
7/10/22 13:00,34.163
7/10/22 14:00,35.222
7/10/22 15:00,35.756
7/10/22 16:00,37.055
7/10/22 17:00,37.714
7/10/22 18:00,37.824
7/10/22 19:00,37.604
7/10/22 20:00,34.903
7/10/22 21:00,33.222
7/10/22 22:00,27.567
7/10/22 23:00,23.869
7/11/22 0:00,22.812
7/11/22 1:00,21.378
7/11/22 2:00,21.282
7/11/22 3:00,20.519
7/11/22 4:00,20.043
7/11/22 5:00,19.662
7/11/22 6:00,19.282
7/11/22 7:00,20.424
7/11/22 8:00,23.388
7/11/22 9:00,24.835
7/11/22 10:00,28.953
7/11/22 11:00,31.268
7/11/22 12:00,32.807
7/11/22 13:00,34.058
7/11/22 14:00,35.222
7/11/22 15:00,36.187
7/11/22 16:00,37.055
7/11/22 17:00,37.604
7/11/22 18:00,37.824
7/11/22 19:00,37.494
7/11/22 20:00,34.796
7/11/22 21:00,33.222
7/11/22 22:00,27.567
7/11/22 23:00,23.869
7/12/22 0:00,22.812
7/12/22 1:00,21.378
7/12/22 2:00,21.282
7/12/22 3:00,20.424
7/12/22 4:00,19.948
7/12/22 5:00,19.567
7/12/22 6:00,19.187
7/12/22 7:00,20.424
7/12/22 8:00,23.388
7/12/22 9:00,24.835
7/12/22 10:00,28.953
7/12/22 11:00,31.166
7/12/22 12:00,32.807
7/12/22 13:00,33.639
7/12/22 14:00,35.222
7/12/22 15:00,36.079
7/12/22 16:00,37.055
7/12/22 17:00,37.604
7/12/22 18:00,37.824
7/12/22 19:00,37.494
7/12/22 20:00,34.796
7/12/22 21:00,33.222
7/12/22 22:00,27.468
7/12/22 23:00,23.869
7/13/22 0:00,22.812
7/13/22 1:00,21.378
7/13/22 2:00,21.282
7/13/22 3:00,20.424
7/13/22 4:00,19.948
7/13/22 5:00,19.567
7/13/22 6:00,19.187
7/13/22 7:00,20.329
7/13/22 8:00,23.388
7/13/22 9:00,24.835
7/13/22 10:00,28.953
7/13/22 11:00,31.166
7/13/22 12:00,32.497
7/13/22 13:00,33.326
7/13/22 14:00,35.009
7/13/22 15:00,36.187
7/13/22 16:00,37.055
7/13/22 17:00,37.714
7/13/22 18:00,37.824
7/13/22 19:00,37.494
7/13/22 20:00,34.796
7/13/22 21:00,33.222
7/13/22 22:00,27.567
7/13/22 23:00,23.869
7/14/22 0:00,22.717
7/14/22 1:00,21.378
7/14/22 2:00,21.282
7/14/22 3:00,20.424
7/14/22 4:00,19.948
7/14/22 5:00,19.567
7/14/22 6:00,19.187
7/14/22 7:00,20.329
7/14/22 8:00,23.388
7/14/22 9:00,24.738
7/14/22 10:00,28.853
7/14/22 11:00,31.064
7/14/22 12:00,32.497
7/14/22 13:00,33.848
7/14/22 14:00,35.009
7/14/22 15:00,35.971
7/14/22 16:00,36.728
7/14/22 17:00,37.384
7/14/22 18:00,37.604
7/14/22 19:00,37.384
7/14/22 20:00,34.691
7/14/22 21:00,33.014
7/14/22 22:00,27.468
7/14/22 23:00,23.869
7/15/22 0:00,22.812
7/15/22 1:00,21.378
7/15/22 2:00,21.282
7/15/22 3:00,20.424
7/15/22 4:00,20.043
7/15/22 5:00,19.567
7/15/22 6:00,19.187
7/15/22 7:00,20.424
7/15/22 8:00,23.388
7/15/22 9:00,24.738
7/15/22 10:00,28.953
7/15/22 11:00,31.064
7/15/22 12:00,32.704
7/15/22 13:00,33.953
7/15/22 14:00,35.115
7/15/22 15:00,34.585
7/15/22 16:00,36.946
7/15/22 17:00,37.384
7/15/22 18:00,37.604
7/15/22 19:00,37.384
7/15/22 20:00,34.691
7/15/22 21:00,33.118
7/15/22 22:00,27.567
7/15/22 23:00,23.869
7/16/22 0:00,22.812
7/16/22 1:00,21.378
7/16/22 2:00,21.282
7/16/22 3:00,20.519
7/16/22 4:00,20.043
7/16/22 5:00,19.567
7/16/22 6:00,19.187
7/16/22 7:00,20.424
7/16/22 8:00,23.388
7/16/22 9:00,24.738
7/16/22 10:00,28.853
7/16/22 11:00,31.064
7/16/22 12:00,32.704
7/16/22 13:00,33.953
7/16/22 14:00,34.374
7/16/22 15:00,35.864
7/16/22 16:00,36.728
7/16/22 17:00,37.384
7/16/22 18:00,37.604
7/16/22 19:00,37.274
7/16/22 20:00,34.585
7/16/22 21:00,33.118
7/16/22 22:00,27.468
7/16/22 23:00,23.869
7/17/22 0:00,22.812
7/17/22 1:00,21.378
7/17/22 2:00,21.282
7/17/22 3:00,20.424
7/17/22 4:00,19.948
7/17/22 5:00,19.567
7/17/22 6:00,19.187
7/17/22 7:00,20.329
7/17/22 8:00,23.292
7/17/22 9:00,24.545
7/17/22 10:00,28.655
7/17/22 11:00,30.963
7/17/22 12:00,32.497
7/17/22 13:00,33.743
7/17/22 14:00,35.009
7/17/22 15:00,35.864
7/17/22 16:00,36.728
7/17/22 17:00,37.384
7/17/22 18:00,37.604
7/17/22 19:00,37.274
7/17/22 20:00,34.585
7/17/22 21:00,33.014
7/17/22 22:00,27.468
7/17/22 23:00,23.869
7/18/22 0:00,22.717
7/18/22 1:00,21.378
7/18/22 2:00,21.282
7/18/22 3:00,20.424
7/18/22 4:00,19.948
7/18/22 5:00,19.567
7/18/22 6:00,19.187
7/18/22 7:00,20.329
7/18/22 8:00,23.196
7/18/22 9:00,24.641
7/18/22 10:00,28.754
7/18/22 11:00,30.963
7/18/22 12:00,32.394
7/18/22 13:00,33.743
7/18/22 14:00,34.058
7/18/22 15:00,35.864
7/18/22 16:00,36.511
7/18/22 17:00,37.165
7/18/22 18:00,37.494
7/18/22 19:00,37.165
7/18/22 20:00,34.691
7/18/22 21:00,33.014
7/18/22 22:00,27.468
7/18/22 23:00,23.869
7/19/22 0:00,22.812
7/19/22 1:00,21.378
7/19/22 2:00,21.282
7/19/22 3:00,20.424
7/19/22 4:00,19.948
7/19/22 5:00,19.567
7/19/22 6:00,19.187
7/19/22 7:00,20.234
7/19/22 8:00,23.196
7/19/22 9:00,24.641
7/19/22 10:00,28.754
7/19/22 11:00,30.862
7/19/22 12:00,32.497
7/19/22 13:00,33.743
7/19/22 14:00,34.796
7/19/22 15:00,35.864
7/19/22 16:00,36.62
7/19/22 17:00,37.165
7/19/22 18:00,37.494
7/19/22 19:00,37.165
7/19/22 20:00,34.585
7/19/22 21:00,33.014
7/19/22 22:00,27.468
7/19/22 23:00,23.869
7/20/22 0:00,22.812
7/20/22 1:00,21.378
7/20/22 2:00,21.282
7/20/22 3:00,20.424
7/20/22 4:00,19.948
7/20/22 5:00,19.567
7/20/22 6:00,19.187
7/20/22 7:00,20.329
7/20/22 8:00,23.196
7/20/22 9:00,24.545
7/20/22 10:00,28.754
7/20/22 11:00,30.862
7/20/22 12:00,32.497
7/20/22 13:00,33.743
7/20/22 14:00,35.009
7/20/22 15:00,35.756
7/20/22 16:00,36.62
7/20/22 17:00,37.274
7/20/22 18:00,37.494
7/20/22 19:00,37.274
7/20/22 20:00,34.585
7/20/22 21:00,33.014
7/20/22 22:00,27.468
7/20/22 23:00,23.869
7/21/22 0:00,22.717
7/21/22 1:00,21.378
7/21/22 2:00,21.187
7/21/22 3:00,20.424
7/21/22 4:00,19.948
7/21/22 5:00,19.567
7/21/22 6:00,19.187
7/21/22 7:00,20.234
7/21/22 8:00,23.196
7/21/22 9:00,24.545
7/21/22 10:00,28.655
7/21/22 11:00,30.862
7/21/22 12:00,32.497
7/21/22 13:00,33.743
7/21/22 14:00,34.796
7/21/22 15:00,35.649
7/21/22 16:00,36.511
7/21/22 17:00,37.055
7/21/22 18:00,37.055
7/21/22 19:00,37.384
7/21/22 20:00,34.691
7/21/22 21:00,33.014
7/21/22 22:00,27.468
7/21/22 23:00,23.869
7/22/22 0:00,22.717
7/22/22 1:00,21.378
7/22/22 2:00,21.282
7/22/22 3:00,20.424
7/22/22 4:00,19.948
7/22/22 5:00,19.567
7/22/22 6:00,19.187
7/22/22 7:00,20.329
7/22/22 8:00,23.196
7/22/22 9:00,24.641
7/22/22 10:00,28.853
7/22/22 11:00,30.963
7/22/22 12:00,32.6
7/22/22 13:00,32.807
7/22/22 14:00,35.222
7/22/22 15:00,36.079
7/22/22 16:00,36.837
7/22/22 17:00,37.494
7/22/22 18:00,37.714
7/22/22 19:00,37.384
7/22/22 20:00,34.796
7/22/22 21:00,33.118
7/22/22 22:00,27.468
7/22/22 23:00,23.869
7/23/22 0:00,22.717
7/23/22 1:00,21.282
7/23/22 2:00,21.187
7/23/22 3:00,20.424
7/23/22 4:00,19.948
7/23/22 5:00,19.567
7/23/22 6:00,19.092
7/23/22 7:00,20.329
7/23/22 8:00,23.292
7/23/22 9:00,24.738
7/23/22 10:00,28.853
7/23/22 11:00,31.166
7/23/22 12:00,32.704
7/23/22 13:00,33.326
7/23/22 14:00,35.222
7/23/22 15:00,36.079
7/23/22 16:00,36.837
7/23/22 17:00,37.494
7/23/22 18:00,37.714
7/23/22 19:00,37.494
7/23/22 20:00,34.796
7/23/22 21:00,33.118
7/23/22 22:00,27.468
7/23/22 23:00,23.773
7/24/22 0:00,22.717
7/24/22 1:00,21.282
7/24/22 2:00,21.187
7/24/22 3:00,20.424
7/24/22 4:00,19.948
7/24/22 5:00,19.567
7/24/22 6:00,19.092
7/24/22 7:00,20.329
7/24/22 8:00,23.292
7/24/22 9:00,24.738
7/24/22 10:00,28.853
7/24/22 11:00,30.963
7/24/22 12:00,32.6
7/24/22 13:00,33.848
7/24/22 14:00,35.009
7/24/22 15:00,35.864
7/24/22 16:00,36.728
7/24/22 17:00,37.384
7/24/22 18:00,37.604
7/24/22 19:00,37.274
7/24/22 20:00,34.585
7/24/22 21:00,33.014
7/24/22 22:00,27.468
7/24/22 23:00,23.869
7/25/22 0:00,22.812
7/25/22 1:00,21.378
7/25/22 2:00,21.282
7/25/22 3:00,20.424
7/25/22 4:00,19.948
7/25/22 5:00,19.567
7/25/22 6:00,19.187
7/25/22 7:00,20.329
7/25/22 8:00,23.196
7/25/22 9:00,24.641
7/25/22 10:00,28.754
7/25/22 11:00,30.963
7/25/22 12:00,33.118
7/25/22 13:00,34.163
7/25/22 14:00,35.222
7/25/22 15:00,36.403
7/25/22 16:00,37.165
7/25/22 17:00,37.824
7/25/22 18:00,37.935
7/25/22 19:00,37.714
7/25/22 20:00,35.009
7/25/22 21:00,33.222
7/25/22 22:00,27.567
7/25/22 23:00,23.869
7/26/22 0:00,22.812
7/26/22 1:00,21.378
7/26/22 2:00,21.282
7/26/22 3:00,20.424
7/26/22 4:00,19.948
7/26/22 5:00,19.567
7/26/22 6:00,19.187
7/26/22 7:00,20.424
7/26/22 8:00,23.581
7/26/22 9:00,24.931
7/26/22 10:00,29.252
7/26/22 11:00,31.37
7/26/22 12:00,33.118
7/26/22 13:00,34.268
7/26/22 14:00,35.435
7/26/22 15:00,36.403
7/26/22 16:00,37.165
7/26/22 17:00,37.824
7/26/22 18:00,38.046
7/26/22 19:00,37.714
7/26/22 20:00,35.009
7/26/22 21:00,33.222
7/26/22 22:00,27.567
7/26/22 23:00,23.869
7/27/22 0:00,22.812
7/27/22 1:00,21.378
7/27/22 2:00,21.282
7/27/22 3:00,20.424
7/27/22 4:00,19.948
7/27/22 5:00,19.567
7/27/22 6:00,19.187
7/27/22 7:00,20.424
7/27/22 8:00,23.581
7/27/22 9:00,24.931
7/27/22 10:00,29.252
7/27/22 11:00,31.472
7/27/22 12:00,33.118
7/27/22 13:00,34.268
7/27/22 14:00,35.542
7/27/22 15:00,36.403
7/27/22 16:00,37.165
7/27/22 17:00,37.824
7/27/22 18:00,37.935
7/27/22 19:00,37.714
7/27/22 20:00,34.903
7/27/22 21:00,33.326
7/27/22 22:00,27.567
7/27/22 23:00,23.869
7/28/22 0:00,22.812
7/28/22 1:00,21.378
7/28/22 2:00,21.282
7/28/22 3:00,20.424
7/28/22 4:00,19.948
7/28/22 5:00,19.567
7/28/22 6:00,19.187
7/28/22 7:00,20.424
7/28/22 8:00,23.581
7/28/22 9:00,25.028
7/28/22 10:00,29.252
7/28/22 11:00,31.472
7/28/22 12:00,32.704
7/28/22 13:00,34.585
7/28/22 14:00,35.542
7/28/22 15:00,36.511
7/28/22 16:00,37.274
7/28/22 17:00,37.935
7/28/22 18:00,38.157
7/28/22 19:00,37.824
7/28/22 20:00,35.009
7/28/22 21:00,33.326
7/28/22 22:00,27.567
7/28/22 23:00,23.869
7/29/22 0:00,22.717
7/29/22 1:00,21.378
7/29/22 2:00,21.282
7/29/22 3:00,20.424
7/29/22 4:00,19.948
7/29/22 5:00,19.567
7/29/22 6:00,19.187
7/29/22 7:00,20.424
7/29/22 8:00,23.581
7/29/22 9:00,25.125
7/29/22 10:00,29.352
7/29/22 11:00,30.76
7/29/22 12:00,33.118
7/29/22 13:00,34.479
7/29/22 14:00,35.756
7/29/22 15:00,36.62
7/29/22 16:00,37.384
7/29/22 17:00,38.046
7/29/22 18:00,38.268
7/29/22 19:00,38.046
7/29/22 20:00,35.115
7/29/22 21:00,33.43
7/29/22 22:00,27.665
7/29/22 23:00,23.869
7/30/22 0:00,22.717
7/30/22 1:00,21.378
7/30/22 2:00,21.282
7/30/22 3:00,20.424
7/30/22 4:00,19.948
7/30/22 5:00,19.567
7/30/22 6:00,19.187
7/30/22 7:00,20.424
7/30/22 8:00,23.677
7/30/22 9:00,25.125
7/30/22 10:00,29.452
7/30/22 11:00,31.676
7/30/22 12:00,33.326
7/30/22 13:00,33.848
7/30/22 14:00,35.971
7/30/22 15:00,36.62
7/30/22 16:00,37.384
7/30/22 17:00,38.046
7/30/22 18:00,38.268
7/30/22 19:00,37.935
7/30/22 20:00,35.115
7/30/22 21:00,33.43
7/30/22 22:00,27.567
7/30/22 23:00,23.869
7/31/22 0:00,22.812
7/31/22 1:00,21.378
7/31/22 2:00,21.282
7/31/22 3:00,20.424
7/31/22 4:00,19.948
7/31/22 5:00,19.567
7/31/22 6:00,19.187
7/31/22 7:00,20.424
7/31/22 8:00,23.581
7/31/22 9:00,25.125
7/31/22 10:00,29.552
7/31/22 11:00,31.778
7/31/22 12:00,33.326
7/31/22 13:00,34.585
7/31/22 14:00,35.542
7/31/22 15:00,36.946
7/31/22 16:00,37.494
7/31/22 17:00,38.268
7/31/22 18:00,38.379
7/31/22 19:00,38.046
7/31/22 20:00,35.115
7/31/22 21:00,33.43
7/31/22 22:00,27.665
7/31/22 23:00,23.773
8/1/22 0:00,22.812
8/1/22 1:00,21.378
8/1/22 2:00,21.282
8/1/22 3:00,20.424
8/1/22 4:00,19.948
8/1/22 5:00,19.567
8/1/22 6:00,19.187
8/1/22 7:00,20.424
8/1/22 8:00,23.677
8/1/22 9:00,25.222
8/1/22 10:00,29.552
8/1/22 11:00,31.778
8/1/22 12:00,33.43
8/1/22 13:00,34.691
8/1/22 14:00,35.864
8/1/22 15:00,36.837
8/1/22 16:00,37.604
8/1/22 17:00,38.268
8/1/22 18:00,38.379
8/1/22 19:00,38.046
8/1/22 20:00,35.115
8/1/22 21:00,33.535
8/1/22 22:00,27.665
8/1/22 23:00,23.869
8/2/22 0:00,22.812
8/2/22 1:00,21.378
8/2/22 2:00,21.282
8/2/22 3:00,20.424
8/2/22 4:00,19.948
8/2/22 5:00,19.567
8/2/22 6:00,19.187
8/2/22 7:00,20.424
8/2/22 8:00,23.581
8/2/22 9:00,25.028
8/2/22 10:00,29.352
8/2/22 11:00,31.676
8/2/22 12:00,32.6
8/2/22 13:00,34.585
8/2/22 14:00,35.649
8/2/22 15:00,36.62
8/2/22 16:00,37.384
8/2/22 17:00,37.935
8/2/22 18:00,38.268
8/2/22 19:00,38.046
8/2/22 20:00,35.115
8/2/22 21:00,33.43
8/2/22 22:00,27.665
8/2/22 23:00,23.966
8/3/22 0:00,22.812
8/3/22 1:00,21.473
8/3/22 2:00,21.378
8/3/22 3:00,20.519
8/3/22 4:00,20.043
8/3/22 5:00,19.662
8/3/22 6:00,19.282
8/3/22 7:00,20.424
8/3/22 8:00,23.677
8/3/22 9:00,25.125
8/3/22 10:00,29.452
8/3/22 11:00,31.88
8/3/22 12:00,33.326
8/3/22 13:00,34.585
8/3/22 14:00,35.756
8/3/22 15:00,36.62
8/3/22 16:00,37.384
8/3/22 17:00,37.935
8/3/22 18:00,38.157
8/3/22 19:00,37.935
8/3/22 20:00,35.115
8/3/22 21:00,33.535
8/3/22 22:00,27.665
8/3/22 23:00,23.966
8/4/22 0:00,22.908
8/4/22 1:00,21.473
8/4/22 2:00,21.378
8/4/22 3:00,20.519
8/4/22 4:00,20.043
8/4/22 5:00,19.662
8/4/22 6:00,19.282
8/4/22 7:00,20.424
8/4/22 8:00,23.677
8/4/22 9:00,25.028
8/4/22 10:00,29.452
8/4/22 11:00,31.574
8/4/22 12:00,33.222
8/4/22 13:00,34.479
8/4/22 14:00,35.649
8/4/22 15:00,36.511
8/4/22 16:00,37.384
8/4/22 17:00,38.046
8/4/22 18:00,38.268
8/4/22 19:00,37.935
8/4/22 20:00,35.115
8/4/22 21:00,33.43
8/4/22 22:00,27.665
8/4/22 23:00,23.966
8/5/22 0:00,22.812
8/5/22 1:00,21.378
8/5/22 2:00,21.378
8/5/22 3:00,20.519
8/5/22 4:00,20.043
8/5/22 5:00,19.662
8/5/22 6:00,19.282
8/5/22 7:00,20.424
8/5/22 8:00,23.581
8/5/22 9:00,25.028
8/5/22 10:00,29.452
8/5/22 11:00,31.778
8/5/22 12:00,33.326
8/5/22 13:00,34.479
8/5/22 14:00,35.649
8/5/22 15:00,36.62
8/5/22 16:00,37.494
8/5/22 17:00,38.046
8/5/22 18:00,38.379
8/5/22 19:00,38.046
8/5/22 20:00,35.115
8/5/22 21:00,33.43
8/5/22 22:00,27.665
8/5/22 23:00,23.966
8/6/22 0:00,22.812
8/6/22 1:00,21.473
8/6/22 2:00,21.378
8/6/22 3:00,20.519
8/6/22 4:00,20.043
8/6/22 5:00,19.567
8/6/22 6:00,19.282
8/6/22 7:00,20.424
8/6/22 8:00,23.581
8/6/22 9:00,25.125
8/6/22 10:00,29.352
8/6/22 11:00,31.574
8/6/22 12:00,33.326
8/6/22 13:00,34.479
8/6/22 14:00,35.649
8/6/22 15:00,36.62
8/6/22 16:00,37.384
8/6/22 17:00,38.046
8/6/22 18:00,38.268
8/6/22 19:00,38.046
8/6/22 20:00,35.222
8/6/22 21:00,33.43
8/6/22 22:00,27.665
8/6/22 23:00,23.966
8/7/22 0:00,22.908
8/7/22 1:00,21.473
8/7/22 2:00,21.378
8/7/22 3:00,20.519
8/7/22 4:00,20.043
8/7/22 5:00,19.662
8/7/22 6:00,19.282
8/7/22 7:00,20.424
8/7/22 8:00,23.581
8/7/22 9:00,25.125
8/7/22 10:00,29.352
8/7/22 11:00,31.676
8/7/22 12:00,33.118
8/7/22 13:00,34.585
8/7/22 14:00,35.649
8/7/22 15:00,36.511
8/7/22 16:00,37.274
8/7/22 17:00,38.046
8/7/22 18:00,38.046
8/7/22 19:00,37.935
8/7/22 20:00,35.115
8/7/22 21:00,33.43
8/7/22 22:00,27.665
8/7/22 23:00,23.966
8/8/22 0:00,22.812
8/8/22 1:00,21.473
8/8/22 2:00,21.282
8/8/22 3:00,20.519
8/8/22 4:00,20.043
8/8/22 5:00,19.662
8/8/22 6:00,19.282
8/8/22 7:00,20.424
8/8/22 8:00,23.484
8/8/22 9:00,25.028
8/8/22 10:00,29.252
8/8/22 11:00,31.574
8/8/22 12:00,33.222
8/8/22 13:00,34.479
8/8/22 14:00,35.756
8/8/22 15:00,36.62
8/8/22 16:00,37.494
8/8/22 17:00,37.935
8/8/22 18:00,38.268
8/8/22 19:00,37.935
8/8/22 20:00,35.115
8/8/22 21:00,33.43
8/8/22 22:00,27.665
8/8/22 23:00,23.966
8/9/22 0:00,22.812
8/9/22 1:00,21.473
8/9/22 2:00,21.282
8/9/22 3:00,20.519
8/9/22 4:00,20.043
8/9/22 5:00,19.662
8/9/22 6:00,19.187
8/9/22 7:00,20.424
8/9/22 8:00,23.484
8/9/22 9:00,25.125
8/9/22 10:00,29.352
8/9/22 11:00,31.574
8/9/22 12:00,33.43
8/9/22 13:00,34.585
8/9/22 14:00,35.649
8/9/22 15:00,36.728
8/9/22 16:00,37.494
8/9/22 17:00,38.157
8/9/22 18:00,38.268
8/9/22 19:00,38.046
8/9/22 20:00,35.222
8/9/22 21:00,33.535
8/9/22 22:00,27.665
8/9/22 23:00,23.966
8/10/22 0:00,22.908
8/10/22 1:00,21.378
8/10/22 2:00,21.378
8/10/22 3:00,20.424
8/10/22 4:00,19.948
8/10/22 5:00,19.567
8/10/22 6:00,19.187
8/10/22 7:00,20.424
8/10/22 8:00,23.581
8/10/22 9:00,25.125
8/10/22 10:00,29.452
8/10/22 11:00,31.676
8/10/22 12:00,33.326
8/10/22 13:00,34.585
8/10/22 14:00,35.756
8/10/22 15:00,36.62
8/10/22 16:00,37.384
8/10/22 17:00,38.046
8/10/22 18:00,38.379
8/10/22 19:00,37.935
8/10/22 20:00,35.222
8/10/22 21:00,33.535
8/10/22 22:00,27.665
8/10/22 23:00,23.966
8/11/22 0:00,22.812
8/11/22 1:00,21.378
8/11/22 2:00,21.282
8/11/22 3:00,20.519
8/11/22 4:00,20.043
8/11/22 5:00,19.567
8/11/22 6:00,19.282
8/11/22 7:00,20.424
8/11/22 8:00,23.581
8/11/22 9:00,25.028
8/11/22 10:00,29.352
8/11/22 11:00,31.778
8/11/22 12:00,33.222
8/11/22 13:00,34.479
8/11/22 14:00,35.756
8/11/22 15:00,36.62
8/11/22 16:00,37.494
8/11/22 17:00,37.935
8/11/22 18:00,38.379
8/11/22 19:00,37.935
8/11/22 20:00,35.115
8/11/22 21:00,33.43
8/11/22 22:00,27.665
8/11/22 23:00,23.966
8/12/22 0:00,22.908
8/12/22 1:00,21.473
8/12/22 2:00,21.378
8/12/22 3:00,20.519
8/12/22 4:00,20.043
8/12/22 5:00,19.662
8/12/22 6:00,19.282
8/12/22 7:00,20.424
8/12/22 8:00,23.581
8/12/22 9:00,25.125
8/12/22 10:00,29.452
8/12/22 11:00,31.676
8/12/22 12:00,33.014
8/12/22 13:00,34.479
8/12/22 14:00,35.649
8/12/22 15:00,36.62
8/12/22 16:00,37.494
8/12/22 17:00,38.046
8/12/22 18:00,38.268
8/12/22 19:00,38.046
8/12/22 20:00,35.222
8/12/22 21:00,33.535
8/12/22 22:00,27.665
8/12/22 23:00,24.062
8/13/22 0:00,22.908
8/13/22 1:00,21.473
8/13/22 2:00,21.378
8/13/22 3:00,20.519
8/13/22 4:00,20.043
8/13/22 5:00,19.662
8/13/22 6:00,19.282
8/13/22 7:00,20.424
8/13/22 8:00,23.581
8/13/22 9:00,25.028
8/13/22 10:00,29.452
8/13/22 11:00,31.778
8/13/22 12:00,33.326
8/13/22 13:00,34.585
8/13/22 14:00,35.756
8/13/22 15:00,36.728
8/13/22 16:00,37.384
8/13/22 17:00,38.157
8/13/22 18:00,38.379
8/13/22 19:00,38.046
8/13/22 20:00,35.222
8/13/22 21:00,33.535
8/13/22 22:00,27.665
8/13/22 23:00,23.966
8/14/22 0:00,22.908
8/14/22 1:00,21.473
8/14/22 2:00,21.378
8/14/22 3:00,20.519
8/14/22 4:00,20.043
8/14/22 5:00,19.662
8/14/22 6:00,19.282
8/14/22 7:00,20.519
8/14/22 8:00,23.581
8/14/22 9:00,25.028
8/14/22 10:00,29.452
8/14/22 11:00,31.778
8/14/22 12:00,33.326
8/14/22 13:00,34.585
8/14/22 14:00,35.756
8/14/22 15:00,36.728
8/14/22 16:00,37.494
8/14/22 17:00,38.157
8/14/22 18:00,38.379
8/14/22 19:00,38.046
8/14/22 20:00,35.222
8/14/22 21:00,33.535
8/14/22 22:00,27.764
8/14/22 23:00,23.966
8/15/22 0:00,22.908
8/15/22 1:00,21.473
8/15/22 2:00,21.378
8/15/22 3:00,20.519
8/15/22 4:00,20.043
8/15/22 5:00,19.662
8/15/22 6:00,19.282
8/15/22 7:00,19.948
8/15/22 8:00,23.1
8/15/22 9:00,24.545
8/15/22 10:00,28.953
8/15/22 11:00,31.166
8/15/22 12:00,32.807
8/15/22 13:00,34.058
8/15/22 14:00,35.328
8/15/22 15:00,36.187
8/15/22 16:00,36.946
8/15/22 17:00,37.714
8/15/22 18:00,37.935
8/15/22 19:00,37.604
8/15/22 20:00,34.796
8/15/22 21:00,33.014
8/15/22 22:00,27.173
8/15/22 23:00,23.966
8/16/22 0:00,22.908
8/16/22 1:00,21.473
8/16/22 2:00,21.378
8/16/22 3:00,20.519
8/16/22 4:00,20.043
8/16/22 5:00,19.662
8/16/22 6:00,19.282
8/16/22 7:00,19.948
8/16/22 8:00,23.1
8/16/22 9:00,24.545
8/16/22 10:00,28.953
8/16/22 11:00,31.166
8/16/22 12:00,32.394
8/16/22 13:00,34.268
8/16/22 14:00,35.328
8/16/22 15:00,36.295
8/16/22 16:00,37.055
8/16/22 17:00,37.714
8/16/22 18:00,37.935
8/16/22 19:00,37.714
8/16/22 20:00,34.796
8/16/22 21:00,33.014
8/16/22 22:00,27.272
8/16/22 23:00,23.966
8/17/22 0:00,22.908
8/17/22 1:00,21.473
8/17/22 2:00,21.378
8/17/22 3:00,20.519
8/17/22 4:00,20.043
8/17/22 5:00,19.662
8/17/22 6:00,19.282
8/17/22 7:00,19.948
8/17/22 8:00,23.1
8/17/22 9:00,24.641
8/17/22 10:00,28.953
8/17/22 11:00,31.268
8/17/22 12:00,32.911
8/17/22 13:00,34.163
8/17/22 14:00,35.328
8/17/22 15:00,36.187
8/17/22 16:00,37.165
8/17/22 17:00,37.714
8/17/22 18:00,37.935
8/17/22 19:00,37.714
8/17/22 20:00,34.796
8/17/22 21:00,33.118
8/17/22 22:00,27.272
8/17/22 23:00,23.966
8/18/22 0:00,22.908
8/18/22 1:00,21.473
8/18/22 2:00,21.378
8/18/22 3:00,20.519
8/18/22 4:00,20.043
8/18/22 5:00,19.662
8/18/22 6:00,19.282
8/18/22 7:00,19.948
8/18/22 8:00,23.196
8/18/22 9:00,24.641
8/18/22 10:00,28.953
8/18/22 11:00,31.268
8/18/22 12:00,32.911
8/18/22 13:00,34.058
8/18/22 14:00,35.328
8/18/22 15:00,36.187
8/18/22 16:00,37.165
8/18/22 17:00,37.714
8/18/22 18:00,37.935
8/18/22 19:00,37.714
8/18/22 20:00,34.796
8/18/22 21:00,33.118
8/18/22 22:00,27.272
8/18/22 23:00,23.966
8/19/22 0:00,22.812
8/19/22 1:00,21.473
8/19/22 2:00,21.378
8/19/22 3:00,20.519
8/19/22 4:00,20.043
8/19/22 5:00,19.662
8/19/22 6:00,19.282
8/19/22 7:00,19.948
8/19/22 8:00,23.196
8/19/22 9:00,24.545
8/19/22 10:00,29.053
8/19/22 11:00,31.166
8/19/22 12:00,32.807
8/19/22 13:00,34.163
8/19/22 14:00,35.328
8/19/22 15:00,36.295
8/19/22 16:00,37.055
8/19/22 17:00,37.714
8/19/22 18:00,37.935
8/19/22 19:00,37.714
8/19/22 20:00,34.796
8/19/22 21:00,33.118
8/19/22 22:00,27.272
8/19/22 23:00,23.966
8/20/22 0:00,22.908
8/20/22 1:00,21.378
8/20/22 2:00,21.378
8/20/22 3:00,20.519
8/20/22 4:00,20.043
8/20/22 5:00,19.662
8/20/22 6:00,19.187
8/20/22 7:00,19.948
8/20/22 8:00,23.1
8/20/22 9:00,24.545
8/20/22 10:00,28.953
8/20/22 11:00,31.268
8/20/22 12:00,32.807
8/20/22 13:00,34.268
8/20/22 14:00,35.435
8/20/22 15:00,36.295
8/20/22 16:00,37.165
8/20/22 17:00,37.714
8/20/22 18:00,37.935
8/20/22 19:00,37.714
8/20/22 20:00,34.796
8/20/22 21:00,33.118
8/20/22 22:00,27.272
8/20/22 23:00,23.966
8/21/22 0:00,22.812
8/21/22 1:00,21.378
8/21/22 2:00,21.378
8/21/22 3:00,20.519
8/21/22 4:00,20.043
8/21/22 5:00,19.662
8/21/22 6:00,19.187
8/21/22 7:00,19.948
8/21/22 8:00,23.1
8/21/22 9:00,24.641
8/21/22 10:00,28.953
8/21/22 11:00,31.268
8/21/22 12:00,32.911
8/21/22 13:00,34.163
8/21/22 14:00,35.435
8/21/22 15:00,36.295
8/21/22 16:00,37.055
8/21/22 17:00,37.714
8/21/22 18:00,37.935
8/21/22 19:00,37.714
8/21/22 20:00,34.903
8/21/22 21:00,33.118
8/21/22 22:00,27.272
8/21/22 23:00,23.966
8/22/22 0:00,22.908
8/22/22 1:00,21.473
8/22/22 2:00,21.378
8/22/22 3:00,20.519
8/22/22 4:00,20.043
8/22/22 5:00,19.662
8/22/22 6:00,19.187
8/22/22 7:00,19.948
8/22/22 8:00,23.1
8/22/22 9:00,24.545
8/22/22 10:00,28.953
8/22/22 11:00,31.268
8/22/22 12:00,32.911
8/22/22 13:00,34.163
8/22/22 14:00,35.435
8/22/22 15:00,36.295
8/22/22 16:00,37.165
8/22/22 17:00,37.714
8/22/22 18:00,37.935
8/22/22 19:00,37.714
8/22/22 20:00,34.796
8/22/22 21:00,33.118
8/22/22 22:00,27.272
8/22/22 23:00,23.966
8/23/22 0:00,22.908
8/23/22 1:00,21.378
8/23/22 2:00,21.378
8/23/22 3:00,20.519
8/23/22 4:00,20.043
8/23/22 5:00,19.662
8/23/22 6:00,19.282
8/23/22 7:00,20.043
8/23/22 8:00,23.1
8/23/22 9:00,24.641
8/23/22 10:00,28.953
8/23/22 11:00,31.268
8/23/22 12:00,32.911
8/23/22 13:00,34.058
8/23/22 14:00,35.328
8/23/22 15:00,36.295
8/23/22 16:00,37.055
8/23/22 17:00,37.714
8/23/22 18:00,37.935
8/23/22 19:00,37.714
8/23/22 20:00,34.903
8/23/22 21:00,33.222
8/23/22 22:00,27.272
8/23/22 23:00,24.062
8/24/22 0:00,22.908
8/24/22 1:00,21.473
8/24/22 2:00,21.473
8/24/22 3:00,20.615
8/24/22 4:00,20.043
8/24/22 5:00,19.662
8/24/22 6:00,19.282
8/24/22 7:00,20.043
8/24/22 8:00,23.196
8/24/22 9:00,24.641
8/24/22 10:00,28.953
8/24/22 11:00,31.268
8/24/22 12:00,32.807
8/24/22 13:00,34.163
8/24/22 14:00,35.328
8/24/22 15:00,36.295
8/24/22 16:00,37.165
8/24/22 17:00,37.824
8/24/22 18:00,37.935
8/24/22 19:00,37.714
8/24/22 20:00,34.796
8/24/22 21:00,33.222
8/24/22 22:00,27.272
8/24/22 23:00,24.062
8/25/22 0:00,22.908
8/25/22 1:00,21.569
8/25/22 2:00,21.473
8/25/22 3:00,20.519
8/25/22 4:00,20.043
8/25/22 5:00,19.662
8/25/22 6:00,19.282
8/25/22 7:00,20.043
8/25/22 8:00,23.196
8/25/22 9:00,24.351
8/25/22 10:00,28.655
8/25/22 11:00,30.963
8/25/22 12:00,32.6
8/25/22 13:00,33.953
8/25/22 14:00,35.115
8/25/22 15:00,36.079
8/25/22 16:00,36.946
8/25/22 17:00,37.494
8/25/22 18:00,37.824
8/25/22 19:00,37.494
8/25/22 20:00,34.585
8/25/22 21:00,33.118
8/25/22 22:00,27.272
8/25/22 23:00,24.062
8/26/22 0:00,23.004
8/26/22 1:00,21.473
8/26/22 2:00,21.378
8/26/22 3:00,20.615
8/26/22 4:00,20.138
8/26/22 5:00,19.662
8/26/22 6:00,19.282
8/26/22 7:00,20.043
8/26/22 8:00,23.196
8/26/22 9:00,24.351
8/26/22 10:00,28.655
8/26/22 11:00,31.064
8/26/22 12:00,32.704
8/26/22 13:00,33.848
8/26/22 14:00,35.115
8/26/22 15:00,36.079
8/26/22 16:00,36.837
8/26/22 17:00,37.494
8/26/22 18:00,37.714
8/26/22 19:00,37.494
8/26/22 20:00,34.585
8/26/22 21:00,33.118
8/26/22 22:00,27.272
8/26/22 23:00,23.966
8/27/22 0:00,22.908
8/27/22 1:00,21.473
8/27/22 2:00,21.378
8/27/22 3:00,20.519
8/27/22 4:00,20.043
8/27/22 5:00,19.662
8/27/22 6:00,19.282
8/27/22 7:00,20.043
8/27/22 8:00,23.196
8/27/22 9:00,24.351
8/27/22 10:00,28.754
8/27/22 11:00,30.963
8/27/22 12:00,32.6
8/27/22 13:00,33.953
8/27/22 14:00,35.115
8/27/22 15:00,36.079
8/27/22 16:00,36.837
8/27/22 17:00,37.494
8/27/22 18:00,37.824
8/27/22 19:00,37.494
8/27/22 20:00,34.585
8/27/22 21:00,33.118
8/27/22 22:00,27.272
8/27/22 23:00,24.062
8/28/22 0:00,22.908
8/28/22 1:00,21.473
8/28/22 2:00,21.378
8/28/22 3:00,20.519
8/28/22 4:00,20.043
8/28/22 5:00,19.662
8/28/22 6:00,19.282
8/28/22 7:00,20.043
8/28/22 8:00,23.196
8/28/22 9:00,24.351
8/28/22 10:00,28.754
8/28/22 11:00,31.064
8/28/22 12:00,32.704
8/28/22 13:00,34.058
8/28/22 14:00,35.222
8/28/22 15:00,36.079
8/28/22 16:00,36.946
8/28/22 17:00,37.604
8/28/22 18:00,37.824
8/28/22 19:00,37.494
8/28/22 20:00,34.691
8/28/22 21:00,33.118
8/28/22 22:00,27.272
8/28/22 23:00,24.062
8/29/22 0:00,22.908
8/29/22 1:00,21.473
8/29/22 2:00,21.378
8/29/22 3:00,20.615
8/29/22 4:00,20.138
8/29/22 5:00,19.662
8/29/22 6:00,19.282
8/29/22 7:00,20.043
8/29/22 8:00,23.196
8/29/22 9:00,24.448
8/29/22 10:00,28.754
8/29/22 11:00,30.963
8/29/22 12:00,32.6
8/29/22 13:00,33.953
8/29/22 14:00,35.115
8/29/22 15:00,36.079
8/29/22 16:00,36.946
8/29/22 17:00,37.604
8/29/22 18:00,37.714
8/29/22 19:00,37.494
8/29/22 20:00,34.585
8/29/22 21:00,33.118
8/29/22 22:00,27.272
8/29/22 23:00,24.062
8/30/22 0:00,22.908
8/30/22 1:00,21.473
8/30/22 2:00,21.378
8/30/22 3:00,20.519
8/30/22 4:00,20.043
8/30/22 5:00,19.662
8/30/22 6:00,19.282
8/30/22 7:00,20.043
8/30/22 8:00,23.196
8/30/22 9:00,24.448
8/30/22 10:00,28.754
8/30/22 11:00,30.963
8/30/22 12:00,32.6
8/30/22 13:00,33.953
8/30/22 14:00,35.115
8/30/22 15:00,36.079
8/30/22 16:00,36.837
8/30/22 17:00,37.494
8/30/22 18:00,37.714
8/30/22 19:00,37.494
8/30/22 20:00,34.691
8/30/22 21:00,33.118
8/30/22 22:00,27.272
8/30/22 23:00,24.062
8/31/22 0:00,22.908
8/31/22 1:00,21.473
8/31/22 2:00,21.378
8/31/22 3:00,20.519
8/31/22 4:00,20.043
8/31/22 5:00,19.662
8/31/22 6:00,19.282
8/31/22 7:00,20.043
8/31/22 8:00,23.196
8/31/22 9:00,24.351
8/31/22 10:00,28.754
8/31/22 11:00,30.963
8/31/22 12:00,32.704
8/31/22 13:00,33.848
8/31/22 14:00,35.009
8/31/22 15:00,35.971
8/31/22 16:00,36.728
8/31/22 17:00,37.384
8/31/22 18:00,37.714
8/31/22 19:00,37.384
8/31/22 20:00,34.479
8/31/22 21:00,33.118
8/31/22 22:00,27.272
8/31/22 23:00,23.966
9/1/22 0:00,22.908
9/1/22 1:00,21.473
9/1/22 2:00,21.378
9/1/22 3:00,20.519
9/1/22 4:00,20.043
9/1/22 5:00,19.662
9/1/22 6:00,19.282
9/1/22 7:00,20.043
9/1/22 8:00,23.1
9/1/22 9:00,24.255
9/1/22 10:00,28.754
9/1/22 11:00,30.963
9/1/22 12:00,32.6
9/1/22 13:00,33.848
9/1/22 14:00,35.009
9/1/22 15:00,35.971
9/1/22 16:00,36.728
9/1/22 17:00,37.494
9/1/22 18:00,37.714
9/1/22 19:00,37.384
9/1/22 20:00,34.479
9/1/22 21:00,33.118
9/1/22 22:00,27.272
9/1/22 23:00,23.966
9/2/22 0:00,22.908
9/2/22 1:00,21.473
9/2/22 2:00,21.378
9/2/22 3:00,20.519
9/2/22 4:00,20.043
9/2/22 5:00,19.662
9/2/22 6:00,19.282
9/2/22 7:00,20.043
9/2/22 8:00,23.004
9/2/22 9:00,24.255
9/2/22 10:00,28.655
9/2/22 11:00,30.963
9/2/22 12:00,32.6
9/2/22 13:00,33.953
9/2/22 14:00,35.115
9/2/22 15:00,36.079
9/2/22 16:00,36.837
9/2/22 17:00,37.384
9/2/22 18:00,37.714
9/2/22 19:00,37.384
9/2/22 20:00,34.585
9/2/22 21:00,33.118
9/2/22 22:00,27.272
9/2/22 23:00,24.062
9/3/22 0:00,22.908
9/3/22 1:00,21.473
9/3/22 2:00,21.378
9/3/22 3:00,20.519
9/3/22 4:00,20.043
9/3/22 5:00,19.662
9/3/22 6:00,19.282
9/3/22 7:00,19.948
9/3/22 8:00,23.1
9/3/22 9:00,24.255
9/3/22 10:00,28.159
9/3/22 11:00,30.558
9/3/22 12:00,32.188
9/3/22 13:00,33.222
9/3/22 14:00,34.903
9/3/22 15:00,29.053
9/3/22 16:00,35.328
9/3/22 17:00,35.971
9/3/22 18:00,36.187
9/3/22 19:00,35.971
9/3/22 20:00,33.743
9/3/22 21:00,32.6
9/3/22 22:00,27.272
9/3/22 23:00,23.966
9/4/22 0:00,22.908
9/4/22 1:00,21.473
9/4/22 2:00,21.282
9/4/22 3:00,20.519
9/4/22 4:00,20.043
9/4/22 5:00,19.662
9/4/22 6:00,19.282
9/4/22 7:00,19.853
9/4/22 8:00,22.429
9/4/22 9:00,23.388
9/4/22 10:00,27.075
9/4/22 11:00,29.452
9/4/22 12:00,31.064
9/4/22 13:00,32.394
9/4/22 14:00,33.639
9/4/22 15:00,34.691
9/4/22 16:00,35.435
9/4/22 17:00,36.187
9/4/22 18:00,36.403
9/4/22 19:00,36.079
9/4/22 20:00,33.848
9/4/22 21:00,32.497
9/4/22 22:00,27.272
9/4/22 23:00,24.062
9/5/22 0:00,22.908
9/5/22 1:00,21.473
9/5/22 2:00,21.282
9/5/22 3:00,20.519
9/5/22 4:00,19.948
9/5/22 5:00,19.567
9/5/22 6:00,19.282
9/5/22 7:00,19.948
9/5/22 8:00,22.429
9/5/22 9:00,23.388
9/5/22 10:00,27.075
9/5/22 11:00,29.452
9/5/22 12:00,31.166
9/5/22 13:00,32.497
9/5/22 14:00,33.743
9/5/22 15:00,34.691
9/5/22 16:00,35.542
9/5/22 17:00,36.079
9/5/22 18:00,36.403
9/5/22 19:00,36.079
9/5/22 20:00,33.848
9/5/22 21:00,32.497
9/5/22 22:00,27.173
9/5/22 23:00,23.966
9/6/22 0:00,22.812
9/6/22 1:00,21.473
9/6/22 2:00,21.282
9/6/22 3:00,20.519
9/6/22 4:00,20.043
9/6/22 5:00,19.567
9/6/22 6:00,19.282
9/6/22 7:00,19.853
9/6/22 8:00,22.429
9/6/22 9:00,23.388
9/6/22 10:00,27.468
9/6/22 11:00,29.853
9/6/22 12:00,31.472
9/6/22 13:00,32.807
9/6/22 14:00,34.163
9/6/22 15:00,35.009
9/6/22 16:00,35.971
9/6/22 17:00,36.62
9/6/22 18:00,36.837
9/6/22 19:00,36.511
9/6/22 20:00,33.848
9/6/22 21:00,32.6
9/6/22 22:00,27.272
9/6/22 23:00,23.966
9/7/22 0:00,22.908
9/7/22 1:00,21.473
9/7/22 2:00,21.282
9/7/22 3:00,20.519
9/7/22 4:00,19.948
9/7/22 5:00,19.662
9/7/22 6:00,19.187
9/7/22 7:00,19.948
9/7/22 8:00,22.429
9/7/22 9:00,23.388
9/7/22 10:00,27.468
9/7/22 11:00,29.752
9/7/22 12:00,31.574
9/7/22 13:00,32.807
9/7/22 14:00,34.058
9/7/22 15:00,35.115
9/7/22 16:00,35.971
9/7/22 17:00,36.62
9/7/22 18:00,36.837
9/7/22 19:00,36.511
9/7/22 20:00,33.848
9/7/22 21:00,32.704
9/7/22 22:00,27.272
9/7/22 23:00,24.062
9/8/22 0:00,22.812
9/8/22 1:00,21.473
9/8/22 2:00,21.282
9/8/22 3:00,20.519
9/8/22 4:00,20.043
9/8/22 5:00,19.662
9/8/22 6:00,19.282
9/8/22 7:00,19.853
9/8/22 8:00,22.429
9/8/22 9:00,23.388
9/8/22 10:00,27.468
9/8/22 11:00,29.853
9/8/22 12:00,31.574
9/8/22 13:00,32.911
9/8/22 14:00,34.163
9/8/22 15:00,35.115
9/8/22 16:00,35.971
9/8/22 17:00,36.62
9/8/22 18:00,36.837
9/8/22 19:00,36.62
9/8/22 20:00,33.953
9/8/22 21:00,32.6
9/8/22 22:00,27.272
9/8/22 23:00,23.966
9/9/22 0:00,22.812
9/9/22 1:00,21.378
9/9/22 2:00,21.282
9/9/22 3:00,20.519
9/9/22 4:00,20.043
9/9/22 5:00,19.662
9/9/22 6:00,19.282
9/9/22 7:00,19.948
9/9/22 8:00,22.429
9/9/22 9:00,23.484
9/9/22 10:00,27.37
9/9/22 11:00,29.853
9/9/22 12:00,31.574
9/9/22 13:00,32.911
9/9/22 14:00,34.163
9/9/22 15:00,35.115
9/9/22 16:00,35.971
9/9/22 17:00,36.62
9/9/22 18:00,36.837
9/9/22 19:00,36.511
9/9/22 20:00,33.848
9/9/22 21:00,32.6
9/9/22 22:00,27.272
9/9/22 23:00,24.062
9/10/22 0:00,22.812
9/10/22 1:00,21.473
9/10/22 2:00,21.282
9/10/22 3:00,20.424
9/10/22 4:00,20.043
9/10/22 5:00,19.662
9/10/22 6:00,19.187
9/10/22 7:00,19.853
9/10/22 8:00,22.429
9/10/22 9:00,23.484
9/10/22 10:00,27.37
9/10/22 11:00,29.853
9/10/22 12:00,31.472
9/10/22 13:00,32.911
9/10/22 14:00,34.058
9/10/22 15:00,35.009
9/10/22 16:00,35.864
9/10/22 17:00,36.62
9/10/22 18:00,36.728
9/10/22 19:00,36.403
9/10/22 20:00,33.848
9/10/22 21:00,32.497
9/10/22 22:00,27.173
9/10/22 23:00,23.966
9/11/22 0:00,22.812
9/11/22 1:00,21.378
9/11/22 2:00,21.282
9/11/22 3:00,20.424
9/11/22 4:00,19.948
9/11/22 5:00,19.567
9/11/22 6:00,19.187
9/11/22 7:00,19.853
9/11/22 8:00,22.333
9/11/22 9:00,23.484
9/11/22 10:00,27.37
9/11/22 11:00,29.752
9/11/22 12:00,31.472
9/11/22 13:00,32.807
9/11/22 14:00,34.163
9/11/22 15:00,35.009
9/11/22 16:00,35.864
9/11/22 17:00,36.511
9/11/22 18:00,36.728
9/11/22 19:00,36.403
9/11/22 20:00,33.743
9/11/22 21:00,32.497
9/11/22 22:00,27.173
9/11/22 23:00,23.966
9/12/22 0:00,22.717
9/12/22 1:00,21.378
9/12/22 2:00,21.282
9/12/22 3:00,20.424
9/12/22 4:00,19.948
9/12/22 5:00,19.567
9/12/22 6:00,19.187
9/12/22 7:00,19.853
9/12/22 8:00,22.333
9/12/22 9:00,23.388
9/12/22 10:00,27.37
9/12/22 11:00,29.853
9/12/22 12:00,31.472
9/12/22 13:00,32.807
9/12/22 14:00,34.163
9/12/22 15:00,35.115
9/12/22 16:00,35.864
9/12/22 17:00,36.62
9/12/22 18:00,36.728
9/12/22 19:00,36.295
9/12/22 20:00,33.848
9/12/22 21:00,32.497
9/12/22 22:00,27.173
9/12/22 23:00,23.966
9/13/22 0:00,22.812
9/13/22 1:00,21.378
9/13/22 2:00,21.282
9/13/22 3:00,20.424
9/13/22 4:00,19.948
9/13/22 5:00,19.567
9/13/22 6:00,19.187
9/13/22 7:00,19.853
9/13/22 8:00,22.238
9/13/22 9:00,23.388
9/13/22 10:00,27.075
9/13/22 11:00,29.452
9/13/22 12:00,31.166
9/13/22 13:00,32.497
9/13/22 14:00,33.743
9/13/22 15:00,34.691
9/13/22 16:00,35.542
9/13/22 17:00,36.187
9/13/22 18:00,36.403
9/13/22 19:00,36.079
9/13/22 20:00,33.743
9/13/22 21:00,32.497
9/13/22 22:00,27.173
9/13/22 23:00,23.966
9/14/22 0:00,22.717
9/14/22 1:00,21.378
9/14/22 2:00,21.282
9/14/22 3:00,20.424
9/14/22 4:00,19.948
9/14/22 5:00,19.662
9/14/22 6:00,19.187
9/14/22 7:00,19.853
9/14/22 8:00,22.429
9/14/22 9:00,23.388
9/14/22 10:00,26.977
9/14/22 11:00,29.452
9/14/22 12:00,31.166
9/14/22 13:00,32.6
9/14/22 14:00,33.848
9/14/22 15:00,34.691
9/14/22 16:00,35.542
9/14/22 17:00,36.187
9/14/22 18:00,36.403
9/14/22 19:00,36.187
9/14/22 20:00,33.848
9/14/22 21:00,32.6
9/14/22 22:00,27.173
9/14/22 23:00,23.773
9/15/22 0:00,22.812
9/15/22 1:00,21.378
9/15/22 2:00,21.282
9/15/22 3:00,20.424
9/15/22 4:00,19.948
9/15/22 5:00,19.567
9/15/22 6:00,19.187
9/15/22 7:00,19.853
9/15/22 8:00,22.333
9/15/22 9:00,23.388
9/15/22 10:00,26.977
9/15/22 11:00,29.452
9/15/22 12:00,31.268
9/15/22 13:00,32.497
9/15/22 14:00,33.743
9/15/22 15:00,34.796
9/15/22 16:00,35.649
9/15/22 17:00,36.187
9/15/22 18:00,36.511
9/15/22 19:00,36.187
9/15/22 20:00,33.848
9/15/22 21:00,32.6
9/15/22 22:00,27.173
9/15/22 23:00,23.869
9/16/22 0:00,22.717
9/16/22 1:00,21.282
9/16/22 2:00,21.282
9/16/22 3:00,20.424
9/16/22 4:00,19.948
9/16/22 5:00,19.567
9/16/22 6:00,19.187
9/16/22 7:00,19.853
9/16/22 8:00,22.333
9/16/22 9:00,23.388
9/16/22 10:00,27.075
9/16/22 11:00,29.552
9/16/22 12:00,31.268
9/16/22 13:00,32.6
9/16/22 14:00,33.743
9/16/22 15:00,34.796
9/16/22 16:00,35.649
9/16/22 17:00,36.295
9/16/22 18:00,36.511
9/16/22 19:00,36.187
9/16/22 20:00,33.848
9/16/22 21:00,32.6
9/16/22 22:00,27.173
9/16/22 23:00,23.869
9/17/22 0:00,22.717
9/17/22 1:00,21.378
9/17/22 2:00,21.282
9/17/22 3:00,20.424
9/17/22 4:00,19.948
9/17/22 5:00,19.567
9/17/22 6:00,19.187
9/17/22 7:00,19.853
9/17/22 8:00,22.333
9/17/22 9:00,23.388
9/17/22 10:00,27.075
9/17/22 11:00,29.552
9/17/22 12:00,31.268
9/17/22 13:00,32.6
9/17/22 14:00,33.848
9/17/22 15:00,34.903
9/17/22 16:00,35.649
9/17/22 17:00,36.295
9/17/22 18:00,36.511
9/17/22 19:00,36.187
9/17/22 20:00,33.848
9/17/22 21:00,32.6
9/17/22 22:00,27.075
9/17/22 23:00,23.869
9/18/22 0:00,22.717
9/18/22 1:00,21.378
9/18/22 2:00,21.282
9/18/22 3:00,20.424
9/18/22 4:00,19.948
9/18/22 5:00,19.567
9/18/22 6:00,19.187
9/18/22 7:00,19.853
9/18/22 8:00,22.333
9/18/22 9:00,23.388
9/18/22 10:00,27.173
9/18/22 11:00,29.552
9/18/22 12:00,31.37
9/18/22 13:00,32.704
9/18/22 14:00,33.953
9/18/22 15:00,34.903
9/18/22 16:00,35.649
9/18/22 17:00,36.295
9/18/22 18:00,36.511
9/18/22 19:00,36.187
9/18/22 20:00,33.848
9/18/22 21:00,32.497
9/18/22 22:00,27.075
9/18/22 23:00,23.869
9/19/22 0:00,22.717
9/19/22 1:00,21.282
9/19/22 2:00,21.282
9/19/22 3:00,20.424
9/19/22 4:00,19.948
9/19/22 5:00,19.567
9/19/22 6:00,19.187
9/19/22 7:00,19.853
9/19/22 8:00,22.333
9/19/22 9:00,23.388
9/19/22 10:00,27.075
9/19/22 11:00,29.652
9/19/22 12:00,31.268
9/19/22 13:00,32.704
9/19/22 14:00,33.953
9/19/22 15:00,34.903
9/19/22 16:00,35.649
9/19/22 17:00,36.295
9/19/22 18:00,36.511
9/19/22 19:00,36.187
9/19/22 20:00,33.848
9/19/22 21:00,32.497
9/19/22 22:00,27.075
9/19/22 23:00,23.773
9/20/22 0:00,22.812
9/20/22 1:00,21.282
9/20/22 2:00,21.282
9/20/22 3:00,20.424
9/20/22 4:00,19.948
9/20/22 5:00,19.662
9/20/22 6:00,19.187
9/20/22 7:00,19.853
9/20/22 8:00,22.333
9/20/22 9:00,23.484
9/20/22 10:00,27.173
9/20/22 11:00,29.652
9/20/22 12:00,31.37
9/20/22 13:00,32.807
9/20/22 14:00,33.848
9/20/22 15:00,34.903
9/20/22 16:00,35.756
9/20/22 17:00,36.403
9/20/22 18:00,36.511
9/20/22 19:00,36.187
9/20/22 20:00,33.848
9/20/22 21:00,32.6
9/20/22 22:00,27.075
9/20/22 23:00,23.869
9/21/22 0:00,22.812
9/21/22 1:00,21.282
9/21/22 2:00,21.282
9/21/22 3:00,20.424
9/21/22 4:00,20.043
9/21/22 5:00,19.662
9/21/22 6:00,19.282
9/21/22 7:00,19.853
9/21/22 8:00,22.333
9/21/22 9:00,23.484
9/21/22 10:00,27.173
9/21/22 11:00,29.652
9/21/22 12:00,31.37
9/21/22 13:00,32.704
9/21/22 14:00,33.953
9/21/22 15:00,34.903
9/21/22 16:00,35.756
9/21/22 17:00,36.295
9/21/22 18:00,36.511
9/21/22 19:00,36.187
9/21/22 20:00,33.848
9/21/22 21:00,32.497
9/21/22 22:00,27.075
9/21/22 23:00,23.773
9/22/22 0:00,22.717
9/22/22 1:00,21.282
9/22/22 2:00,21.282
9/22/22 3:00,20.424
9/22/22 4:00,19.948
9/22/22 5:00,19.567
9/22/22 6:00,19.187
9/22/22 7:00,19.853
9/22/22 8:00,22.429
9/22/22 9:00,23.388
9/22/22 10:00,27.173
9/22/22 11:00,29.652
9/22/22 12:00,31.37
9/22/22 13:00,32.704
9/22/22 14:00,33.953
9/22/22 15:00,34.796
9/22/22 16:00,35.649
9/22/22 17:00,36.295
9/22/22 18:00,36.511
9/22/22 19:00,36.187
9/22/22 20:00,33.743
9/22/22 21:00,32.497
9/22/22 22:00,26.977
9/22/22 23:00,23.773
9/23/22 0:00,22.717
9/23/22 1:00,21.282
9/23/22 2:00,21.282
9/23/22 3:00,20.424
9/23/22 4:00,19.948
9/23/22 5:00,19.567
9/23/22 6:00,19.187
9/23/22 7:00,19.853
9/23/22 8:00,22.429
9/23/22 9:00,23.484
9/23/22 10:00,27.272
9/23/22 11:00,29.752
9/23/22 12:00,31.37
9/23/22 13:00,32.704
9/23/22 14:00,34.058
9/23/22 15:00,34.903
9/23/22 16:00,35.649
9/23/22 17:00,36.403
9/23/22 18:00,36.62
9/23/22 19:00,36.187
9/23/22 20:00,33.848
9/23/22 21:00,32.497
9/23/22 22:00,26.977
9/23/22 23:00,23.773
9/24/22 0:00,22.717
9/24/22 1:00,21.282
9/24/22 2:00,21.282
9/24/22 3:00,20.424
9/24/22 4:00,19.948
9/24/22 5:00,19.567
9/24/22 6:00,19.187
9/24/22 7:00,19.853
9/24/22 8:00,22.429
9/24/22 9:00,23.484
9/24/22 10:00,27.272
9/24/22 11:00,29.752
9/24/22 12:00,24.158
9/24/22 13:00,25.902
9/24/22 14:00,28.159
9/24/22 15:00,30.154
9/24/22 16:00,31.268
9/24/22 17:00,33.014
9/24/22 18:00,34.058
9/24/22 19:00,33.222
9/24/22 20:00,31.778
9/24/22 21:00,30.963
9/24/22 22:00,29.752
9/24/22 23:00,28.159
9/25/22 0:00,26.585
9/25/22 1:00,25.028
9/25/22 2:00,23.677
9/25/22 3:00,22.525
9/25/22 4:00,21.282
9/25/22 5:00,20.138
9/25/22 6:00,19.092
9/25/22 7:00,17.95
9/25/22 8:00,16.999
9/25/22 9:00,16.523
9/25/22 10:00,17.57
9/25/22 11:00,20.138
9/25/22 12:00,22.333
9/25/22 13:00,23.388
9/25/22 14:00,24.835
9/25/22 15:00,27.567
9/25/22 16:00,31.064
9/25/22 17:00,34.268
9/25/22 18:00,33.953
9/25/22 19:00,31.676
9/25/22 20:00,29.252
9/25/22 21:00,26.781
9/25/22 22:00,24.835
9/25/22 23:00,23.1
9/26/22 0:00,21.473
9/26/22 1:00,20.043
9/26/22 2:00,18.521
9/26/22 3:00,17.094
9/26/22 4:00,15.76
9/26/22 5:00,14.517
9/26/22 6:00,13.365
9/26/22 7:00,12.207
9/26/22 8:00,11.236
9/26/22 9:00,10.748
9/26/22 10:00,12.013
9/26/22 11:00,15.187
9/26/22 12:00,19.187
9/26/22 13:00,21.378
